"source_path","decision","output_path","reason","provenance","git_blob_sha1","sha256","size","contribution_status","contribution_detail","evidence_links","source_file_count"
"Assets/Scripts/BestTimeMenu.cs","included","Assets/Scripts/BestTimeMenu.cs","included project-specific runtime/application integration logic after content inspection","Team project; contribution evidence separated below; user confirmed team consent to public posting of current code/names and no externally borrowed code on 2026-10-01 KST; not independent legal verification or sole-authorship proof; no new license","d62e0f298a5dcdcd41c2b2aad1f1a91606c3ccea","a5b3bf8cee19d018fb17cca898ffed0f1e8b26964b4f4dbdd9fa775423dfbaad","1189","initial implementation author unknown; 한기승 later change verified","수동 통합 반입; 한기승 최고기록 표시 문구 변경","https://github.com/als79gur49/2024_3D_TeamProject/commit/a8617d9b4de25e7d9f96f06b3b002e04aa89f44b ; https://github.com/als79gur49/2024_3D_TeamProject/commit/625741429805e1dd77eb46a76573b210023f54bd","1"
"Assets/Scripts/Block/BlockCollider.cs","included","Assets/Scripts/Block/BlockCollider.cs","included project-specific runtime/application integration logic after content inspection","Team project; contribution evidence separated below; user confirmed team consent to public posting of current code/names and no externally borrowed code on 2026-10-01 KST; not independent legal verification or sole-authorship proof; no new license","e3a17727b2f4ba2d63ee1e31611f8092edd85f2a","a293136b6e8ec153de321f9adabcbf0ad4a5a258b561a21e1f2bbe69d61445f1","2336","권민혁 충돌 구조 변경 근거 확인; sole authorship not asserted","방향별 충돌 분리 및 보호 조건 감사 범위","https://github.com/als79gur49/2024_3D_TeamProject/commit/7e35cec2fc0f0869f3ec3e0c0e12251effcb872a ; https://github.com/als79gur49/2024_3D_TeamProject/commit/c94b75373e46714e3256836973b50751364c1343","1"
"Assets/Scripts/Block/BlockInfo.cs","included","Assets/Scripts/Block/BlockInfo.cs","included project-specific runtime/application integration logic after content inspection","Team project; contribution evidence separated below; user confirmed team consent to public posting of current code/names and no externally borrowed code on 2026-10-01 KST; not independent legal verification or sole-authorship proof; no new license","3206338c37d17187c03161d7a3935040f043c349","680d4ba48f9eb0d9d7cdd76637abe82af808d6fc19d5ad5724d214ba4f62de01","1702","functional-role mapping only; individual initial authorship not established by supplied audit","권민혁 담당 기능과의 연결 또는 팀 통합 문맥; 파일 전체의 단독 작성자는 미확인","","1"
"Assets/Scripts/Block/BlockManager.cs","included","Assets/Scripts/Block/BlockManager.cs","included project-specific runtime/application integration logic after content inspection","Team project; contribution evidence separated below; user confirmed team consent to public posting of current code/names and no externally borrowed code on 2026-10-01 KST; not independent legal verification or sole-authorship proof; no new license","5321a3b64c81a9261484329bb1be32e9ce4a13a4","3099381c1485bc44abced750d5d9cbf7fb07ba31d7a37848f8ef1602e607ca71","1879","functional-role mapping only; individual initial authorship not established by supplied audit","권민혁 담당 기능과의 연결 또는 팀 통합 문맥; 파일 전체의 단독 작성자는 미확인","","1"
"Assets/Scripts/Block/BottomBlockCollider.cs","included","Assets/Scripts/Block/BottomBlockCollider.cs","included project-specific runtime/application integration logic after content inspection","Team project; contribution evidence separated below; user confirmed team consent to public posting of current code/names and no externally borrowed code on 2026-10-01 KST; not independent legal verification or sole-authorship proof; no new license","009aa3d28f07e49f936a872c2e97e1c41c994f03","0457a69d0b083c009f30556833d0bb1e0ea22e3d9f7fa77785a8a7c496e0b2ec","537","권민혁 충돌 구조 변경 근거 확인; sole authorship not asserted","방향별 충돌 분리 및 보호 조건 감사 범위","https://github.com/als79gur49/2024_3D_TeamProject/commit/7e35cec2fc0f0869f3ec3e0c0e12251effcb872a ; https://github.com/als79gur49/2024_3D_TeamProject/commit/c94b75373e46714e3256836973b50751364c1343","1"
"Assets/Scripts/Block/PlayableMove.cs","included","Assets/Scripts/Block/PlayableMove.cs","included project-specific runtime/application integration logic after content inspection","Team project; contribution evidence separated below; user confirmed team consent to public posting of current code/names and no externally borrowed code on 2026-10-01 KST; not independent legal verification or sole-authorship proof; no new license","b70f1d7121f892d3ceae2730ed66694c1298eb65","a8d45274b6c3c4b2496ebdac33329b7a485673a4c4f646ae4b1b728b9ce835ca","2873","jointly modified","권민혁: 이동 구현; 한기승: 종료 UI 상태 입력 제한","https://github.com/als79gur49/2024_3D_TeamProject/commit/3d3794fcd7ac18449148717d32a8bd320edab736 ; https://github.com/als79gur49/2024_3D_TeamProject/commit/f9808a61f5724accc6c067f8505c0366c9422c99","1"
"Assets/Scripts/Block/SideBlockCollider.cs","included","Assets/Scripts/Block/SideBlockCollider.cs","included project-specific runtime/application integration logic after content inspection","Team project; contribution evidence separated below; user confirmed team consent to public posting of current code/names and no externally borrowed code on 2026-10-01 KST; not independent legal verification or sole-authorship proof; no new license","74f31ea3616fcdeb23eb74f65639011a9668e286","41c24e4d5035ff7fca19017a1b6d5340678754e0edacf6e1405c04a4c5aa511a","1101","권민혁 충돌 구조 변경 근거 확인; sole authorship not asserted","방향별 충돌 분리 및 보호 조건 감사 범위","https://github.com/als79gur49/2024_3D_TeamProject/commit/7e35cec2fc0f0869f3ec3e0c0e12251effcb872a ; https://github.com/als79gur49/2024_3D_TeamProject/commit/c94b75373e46714e3256836973b50751364c1343","1"
"Assets/Scripts/Block/TopBlockCollider.cs","included","Assets/Scripts/Block/TopBlockCollider.cs","included project-specific runtime/application integration logic after content inspection","Team project; contribution evidence separated below; user confirmed team consent to public posting of current code/names and no externally borrowed code on 2026-10-01 KST; not independent legal verification or sole-authorship proof; no new license","695d14acad64b27bc04bdbb6e09a4df9d7bf915d","edd7489c0f049f7ac3e14f35a98016bc6d54eb23a4fc00a71d91157b0cfb02bb","2586","권민혁 충돌 구조 변경 근거 확인; sole authorship not asserted","방향별 충돌 분리 및 보호 조건 감사 범위","https://github.com/als79gur49/2024_3D_TeamProject/commit/7e35cec2fc0f0869f3ec3e0c0e12251effcb872a ; https://github.com/als79gur49/2024_3D_TeamProject/commit/c94b75373e46714e3256836973b50751364c1343","1"
"Assets/Scripts/Button/ButtonNo.cs","included","Assets/Scripts/Button/ButtonNo.cs","included project-specific runtime/application integration logic after content inspection","Team project; contribution evidence separated below; user confirmed team consent to public posting of current code/names and no externally borrowed code on 2026-10-01 KST; not independent legal verification or sole-authorship proof; no new license","a60c54f2a161ac9fb613e1c2ee6a716996001871","2dcc17d11dcc1d55dadd71e26d96c6dc9dfe2dc1e548a425a704f05726b942cf","456","initial implementation author unknown","수동 통합 커밋 작성자만으로 초기 작성자를 확정하지 않음","https://github.com/als79gur49/2024_3D_TeamProject/commit/a8617d9b4de25e7d9f96f06b3b002e04aa89f44b","1"
"Assets/Scripts/Button/NormalButton.cs","included","Assets/Scripts/Button/NormalButton.cs","included project-specific runtime/application integration logic after content inspection","Team project; contribution evidence separated below; user confirmed team consent to public posting of current code/names and no externally borrowed code on 2026-10-01 KST; not independent legal verification or sole-authorship proof; no new license","40e6a5b062fd444ed388da5c6ef950a35d25f7cf","607f38dba633b0870bb9c8bd55ecedeff2e345c76baa16fce522567f11dae7a8","771","functional-role mapping only; individual initial authorship not established by supplied audit","권민혁 버튼 사운드 담당 기능과 대응; 감사의 기능 단위 근거이며 파일 전체 작성자를 확정하지 않음","https://github.com/als79gur49/2024_3D_TeamProject/commit/baf3e92e78fde74ab5188516cfc5626e7dc271c6","1"
"Assets/Scripts/Button/QuitButton.cs","included","Assets/Scripts/Button/QuitButton.cs","included project-specific runtime/application integration logic after content inspection","Team project; contribution evidence separated below; user confirmed team consent to public posting of current code/names and no externally borrowed code on 2026-10-01 KST; not independent legal verification or sole-authorship proof; no new license","9f4587a70612dad6fab2c12edc82a9cb46c44c4c","2046b797649410dfb24a901811406efd0bea35b0d8958ff7d3104d1a67c21255","711","한기승 추가 및 후속 변경 확인; no sole-ownership warranty","종료 버튼 추가, 효과음 재생 후 종료","https://github.com/als79gur49/2024_3D_TeamProject/commit/f9808a61f5724accc6c067f8505c0366c9422c99 ; https://github.com/als79gur49/2024_3D_TeamProject/commit/625741429805e1dd77eb46a76573b210023f54bd","1"
"Assets/Scripts/Button/SceneButton.cs","included","Assets/Scripts/Button/SceneButton.cs","included project-specific runtime/application integration logic after content inspection","Team project; contribution evidence separated below; user confirmed team consent to public posting of current code/names and no externally borrowed code on 2026-10-01 KST; not independent legal verification or sole-authorship proof; no new license","1abc563dd6642f3628c7b6b6f41f02531045f1c6","fef47bec8a57c7d74f2d9af3e213c6dee4201c499ab2b2366942c9c984fac6e3","874","functional-role mapping only; individual initial authorship not established by supplied audit","권민혁 버튼 사운드 담당 기능과 대응; 감사의 기능 단위 근거이며 파일 전체 작성자를 확정하지 않음","https://github.com/als79gur49/2024_3D_TeamProject/commit/baf3e92e78fde74ab5188516cfc5626e7dc271c6","1"
"Assets/Scripts/ChangeScenes.cs","included","Assets/Scripts/ChangeScenes.cs","included project-specific runtime/application integration logic after content inspection","Team project; contribution evidence separated below; user confirmed team consent to public posting of current code/names and no externally borrowed code on 2026-10-01 KST; not independent legal verification or sole-authorship proof; no new license","931cd6347a2c2e6716d6ed6c5c4cb449bcdeced4","e738e274ce76b318fd01bd9822b3014f656939802f9033dc81b5377801bdcac0","239","initial implementation author unknown","수동 통합 커밋 작성자만으로 초기 작성자를 확정하지 않음","https://github.com/als79gur49/2024_3D_TeamProject/commit/a8617d9b4de25e7d9f96f06b3b002e04aa89f44b","1"
"Assets/Scripts/ClickOnContent.cs","included","Assets/Scripts/ClickOnContent.cs","included project-specific runtime/application integration logic after content inspection","Team project; contribution evidence separated below; user confirmed team consent to public posting of current code/names and no externally borrowed code on 2026-10-01 KST; not independent legal verification or sole-authorship proof; no new license","948f05be1762f3c45ae517e1234d5f99d400aba3","b3e8b53bf47c684016300472ec286cca1e40f8860cf1114afd786b688491ca45","796","initial implementation author unknown","수동 통합 커밋 작성자만으로 초기 작성자를 확정하지 않음","https://github.com/als79gur49/2024_3D_TeamProject/commit/a8617d9b4de25e7d9f96f06b3b002e04aa89f44b","1"
"Assets/Scripts/InGameUI.cs","included","Assets/Scripts/InGameUI.cs","included project-specific runtime/application integration logic after content inspection","Team project; contribution evidence separated below; user confirmed team consent to public posting of current code/names and no externally borrowed code on 2026-10-01 KST; not independent legal verification or sole-authorship proof; no new license","b9c7f682557aeb54792856880ee2588154b840d9","39e334a4ea87ea68b4f45c60504185329c05951dc5204707e0768259aeacc9b7","5100","initial implementation author unknown; 한기승 later changes verified","수동 통합 반입; 한기승 체력 이벤트 및 표시 변경","https://github.com/als79gur49/2024_3D_TeamProject/commit/a8617d9b4de25e7d9f96f06b3b002e04aa89f44b ; https://github.com/als79gur49/2024_3D_TeamProject/commit/f9808a61f5724accc6c067f8505c0366c9422c99","1"
"Assets/Scripts/SoundManager.cs","included","Assets/Scripts/SoundManager.cs","included project-specific runtime/application integration logic after content inspection","Team project; contribution evidence separated below; user confirmed team consent to public posting of current code/names and no externally borrowed code on 2026-10-01 KST; not independent legal verification or sole-authorship proof; no new license","5242379845b066d25e64f458a594fb87c6dd6580","abec5c2eae6ab935ea2f975b29c2de37ec7fd50f11d88293b413756ae6c6b122","5696","권민혁 사운드 구현 변경 근거 확인; sole authorship not asserted","BGM·효과음 및 AudioMixer 제어","https://github.com/als79gur49/2024_3D_TeamProject/commit/82510566d760788a8864e3aba19eac5cc0796135","1"
"Assets/Scripts/Spawn/BuildingSpawner.cs","included","Assets/Scripts/Spawn/BuildingSpawner.cs","included project-specific runtime/application integration logic after content inspection","Team project; contribution evidence separated below; user confirmed team consent to public posting of current code/names and no externally borrowed code on 2026-10-01 KST; not independent legal verification or sole-authorship proof; no new license","40ec6df8788e5dad59d78d8fd2c049f08ef9e0be","9d5ef5b21ebbcc92027fa81662c554070d5d4dd0f07c14f9b8cf9f2228e014f2","3827","권민혁 기능 구현 변경 근거 확인; sole authorship not asserted","블록 생성·이동·충돌 추가 감사 범위","https://github.com/als79gur49/2024_3D_TeamProject/commit/3d3794fcd7ac18449148717d32a8bd320edab736","1"
"Assets/Scripts/StageManager.cs","included","Assets/Scripts/StageManager.cs","included project-specific runtime/application integration logic after content inspection","Team project; contribution evidence separated below; user confirmed team consent to public posting of current code/names and no externally borrowed code on 2026-10-01 KST; not independent legal verification or sole-authorship proof; no new license","61e6c30d589c11770c3e6dfa49115139a2a448db","e8b5fb801508272fb037c25299597949696611850a14433bc6041e5189be4f88","2413","jointly modified; integration attribution is not sole authorship","권민혁: 블록·스테이지 통합 담당; 한기승: 체력 및 종료 UI 연결 변경","https://github.com/als79gur49/2024_3D_TeamProject/commit/8830eeb694037224b4f39d04c912a21e7adeaa6d ; https://github.com/als79gur49/2024_3D_TeamProject/commit/f9808a61f5724accc6c067f8505c0366c9422c99","1"
"Assets/Scripts/System/GameManager.cs","included","Assets/Scripts/System/GameManager.cs","included project-specific runtime/application integration logic after content inspection","Team project; contribution evidence separated below; user confirmed team consent to public posting of current code/names and no externally borrowed code on 2026-10-01 KST; not independent legal verification or sole-authorship proof; no new license","f8c004be13763f4f4af93963cce0debdc7805389","9d6cf8e50cc4ea0450733369c3ecb10a01d7cdc55671e5fd1a7a556a5a11eda3","1693","initial implementation author unknown; 한기승 later changes verified","수동 통합 반입; 한기승 재클리어 잠금 해제 및 생명주기·null 처리","https://github.com/als79gur49/2024_3D_TeamProject/commit/a8617d9b4de25e7d9f96f06b3b002e04aa89f44b ; https://github.com/als79gur49/2024_3D_TeamProject/commit/625741429805e1dd77eb46a76573b210023f54bd","1"
"Assets/Scripts/System/LevelLock.cs","included","Assets/Scripts/System/LevelLock.cs","included project-specific runtime/application integration logic after content inspection","Team project; contribution evidence separated below; user confirmed team consent to public posting of current code/names and no externally borrowed code on 2026-10-01 KST; not independent legal verification or sole-authorship proof; no new license","8517920a474758ac65c283cfe8b0827bb2b1ed2e","5926322ecc64fe97ea5b1290e8610f1616a7c12e4a948db8ed2e0b662c7e15ee","3708","initial implementation author unknown; 한기승 later changes verified","수동 통합 반입; 한기승 재클리어 잠금 해제 및 생명주기·null 처리","https://github.com/als79gur49/2024_3D_TeamProject/commit/a8617d9b4de25e7d9f96f06b3b002e04aa89f44b ; https://github.com/als79gur49/2024_3D_TeamProject/commit/625741429805e1dd77eb46a76573b210023f54bd","1"
"Assets/Scripts/System/StageReset.cs","included","Assets/Scripts/System/StageReset.cs","included project-specific runtime/application integration logic after content inspection","Team project; contribution evidence separated below; user confirmed team consent to public posting of current code/names and no externally borrowed code on 2026-10-01 KST; not independent legal verification or sole-authorship proof; no new license","f2d6d4b527c413c5eb6ca50845fcd2047ab73bda","57953d862d4e9fd6d00900ca76d2a560de137c08884520d2faeeb5effd1190a2","305","initial implementation author unknown","수동 통합 커밋 작성자만으로 초기 작성자를 확정하지 않음","https://github.com/als79gur49/2024_3D_TeamProject/commit/a8617d9b4de25e7d9f96f06b3b002e04aa89f44b","1"
"Assets/Scripts/System/Timer.cs","included","Assets/Scripts/System/Timer.cs","included project-specific runtime/application integration logic after content inspection","Team project; contribution evidence separated below; user confirmed team consent to public posting of current code/names and no externally borrowed code on 2026-10-01 KST; not independent legal verification or sole-authorship proof; no new license","99cfc8b90b7d10376ea74554905d8957f635dd00","97c79705b3b602be8fb60f1d563213d617b6df9d228470f3f3c589462987ee7c","561","initial implementation author unknown","수동 통합 커밋 작성자만으로 초기 작성자를 확정하지 않음","https://github.com/als79gur49/2024_3D_TeamProject/commit/a8617d9b4de25e7d9f96f06b3b002e04aa89f44b","1"
"Assets/Scripts/etc_/BackgroundFollowing.cs","included","Assets/Scripts/etc_/BackgroundFollowing.cs","included project-specific runtime/application integration logic after content inspection","Team project; contribution evidence separated below; user confirmed team consent to public posting of current code/names and no externally borrowed code on 2026-10-01 KST; not independent legal verification or sole-authorship proof; no new license","a12290e9e608c1fe0a7b79b2c31a178975261f3a","3340be041adda9b208e88864fed5c58eae9519bbe3d48ac0e1a2bac2ce844e72","1024","functional-role mapping only; individual initial authorship not established by supplied audit","권민혁 배경 관련 변경 담당 기능과 대응; 파일 전체 작성자를 확정하지 않음","https://github.com/als79gur49/2024_3D_TeamProject/commit/c94b75373e46714e3256836973b50751364c1343","1"
"Assets/Scripts/etc_/CameraController.cs","included","Assets/Scripts/etc_/CameraController.cs","included project-specific runtime/application integration logic after content inspection","Team project; contribution evidence separated below; user confirmed team consent to public posting of current code/names and no externally borrowed code on 2026-10-01 KST; not independent legal verification or sole-authorship proof; no new license","3a67ef4013e34ebb165a5ba3338beb2e5ebe93c1","dbf24d7cc1daab33961065ff375fbe0d1836694849512cb122afb1fe715817c3","1394","권민혁 카메라 구현 변경 근거 확인; sole authorship not asserted","카메라 목표 높이 및 위치 보간","https://github.com/als79gur49/2024_3D_TeamProject/commit/9260607c582d6a6b9565d0e9645b2b40431740fc","1"
"Assets/Scripts/etc_/DestroyBlock.cs","included","Assets/Scripts/etc_/DestroyBlock.cs","included project-specific runtime/application integration logic after content inspection","Team project; contribution evidence separated below; user confirmed team consent to public posting of current code/names and no externally borrowed code on 2026-10-01 KST; not independent legal verification or sole-authorship proof; no new license","e04d8505216da3472a06baf9074e6a98fec78d05","6ebfefbd4a60446ba08c01fa3a5fdb9952e5adfcc97163a69e0dce9628d2744d","536","functional-role mapping only; individual initial authorship not established by supplied audit","권민혁 담당 기능과의 연결 또는 팀 통합 문맥; 파일 전체의 단독 작성자는 미확인","","1"
"Assets/Scripts/etc_/OnEnableSound.cs","included","Assets/Scripts/etc_/OnEnableSound.cs","included project-specific runtime/application integration logic after content inspection","Team project; contribution evidence separated below; user confirmed team consent to public posting of current code/names and no externally borrowed code on 2026-10-01 KST; not independent legal verification or sole-authorship proof; no new license","bcfade034313f97377ad97e0b0dc07e7b9c09357","d5dde9a6c3d809c1c598e6e6c103fbdc7c1048e28396e513df31b7580a4092ad","230","functional-role mapping only; individual initial authorship not established by supplied audit","권민혁 담당 기능과의 연결 또는 팀 통합 문맥; 파일 전체의 단독 작성자는 미확인","","1"
"Assets/Scripts/etc_/ReflectBlock.cs","included","Assets/Scripts/etc_/ReflectBlock.cs","included project-specific runtime/application integration logic after content inspection","Team project; contribution evidence separated below; user confirmed team consent to public posting of current code/names and no externally borrowed code on 2026-10-01 KST; not independent legal verification or sole-authorship proof; no new license","152bee6ecfae39edf642cfbf645eebe5100424a8","98d5cf8a13755eeb67827a6aec8e7dba1c9f5fc0d1d428a6886c9d5be21e936d","836","functional-role mapping only; individual initial authorship not established by supplied audit","권민혁 담당 기능과의 연결 또는 팀 통합 문맥; 파일 전체의 단독 작성자는 미확인","","1"
"Assets/Scripts/etc_/SceneBGMInitialize.cs","included","Assets/Scripts/etc_/SceneBGMInitialize.cs","included project-specific runtime/application integration logic after content inspection","Team project; contribution evidence separated below; user confirmed team consent to public posting of current code/names and no externally borrowed code on 2026-10-01 KST; not independent legal verification or sole-authorship proof; no new license","87ead93cd1637f099c5c4f9fff025359efd2bdde","270caea211f07225c1e83ebd343398867bd5b55df2c18f614cb4ccafffb87415","690","functional-role mapping only; individual initial authorship not established by supplied audit","권민혁 담당 기능과의 연결 또는 팀 통합 문맥; 파일 전체의 단독 작성자는 미확인","","1"
"Packages/manifest.json","included","ReviewContext/Packages/manifest.json","included textual dependency/editor-version context, relocated outside Unity project topology","Team project; contribution evidence separated below; user confirmed team consent to public posting of current code/names and no externally borrowed code on 2026-10-01 KST; not independent legal verification or sole-authorship proof; no new license","e5da37e481552767429f7a166f0be324756f2c50","9bbed6f47f168b5fb594c1c3f9bba00004d393d8e36dea183ea954451918cdd9","1764","Unity-generated configuration context","개인 기여 판정 대상 아님","","1"
"ProjectSettings/ProjectVersion.txt","included","ReviewContext/ProjectSettings/ProjectVersion.txt","included textual dependency/editor-version context, relocated outside Unity project topology","Team project; contribution evidence separated below; user confirmed team consent to public posting of current code/names and no externally borrowed code on 2026-10-01 KST; not independent legal verification or sole-authorship proof; no new license","78a778891e6c1beee469fa37a58d0bf3c1c5768e","d00a38851ca556d8f220c38e93d512e269f7954537b35f32d7d6b6ad75c2b78c","83","Unity-generated configuration context","개인 기여 판정 대상 아님","","1"
"EXCLUDED_CATEGORY/audio_art_scene_prefab_material_payload_and_metadata","excluded-summary","","Excluded files aggregated by class to avoid disclosing personal names in resource paths","payload not downloaded; no permission clearance asserted","","","","not assessed","individual excluded-resource paths intentionally omitted","","182"
"EXCLUDED_CATEGORY/empty_template_stub","excluded-summary","","Excluded files aggregated by class to avoid disclosing personal names in resource paths","payload not downloaded; no permission clearance asserted","","","","not assessed","individual excluded-resource paths intentionally omitted","","1"
"EXCLUDED_CATEGORY/fonts_and_derived_assets","excluded-summary","","Excluded files aggregated by class to avoid disclosing personal names in resource paths","payload not downloaded; no permission clearance asserted","","","","not assessed","individual excluded-resource paths intentionally omitted","","5"
"EXCLUDED_CATEGORY/other_Unity_import_metadata","excluded-summary","","Excluded files aggregated by class to avoid disclosing personal names in resource paths","payload not downloaded; no permission clearance asserted","","","","not assessed","individual excluded-resource paths intentionally omitted","","36"
"EXCLUDED_CATEGORY/project_and_tool_configuration","excluded-summary","","Excluded files aggregated by class to avoid disclosing personal names in resource paths","payload not downloaded; no permission clearance asserted","","","","not assessed","individual excluded-resource paths intentionally omitted","","25"
"EXCLUDED_CATEGORY/third_party_TMP_distribution","excluded-summary","","Excluded files aggregated by class to avoid disclosing personal names in resource paths","payload not downloaded; no permission clearance asserted","","","","not assessed","individual excluded-resource paths intentionally omitted","","73"
